<?xml version="1.0" encoding="UTF-8" ?>
<!DOCTYPE log4j:configuration SYSTEM "log4j.dtd">

<log4j:configuration xmlns:log4j="http://jakarta.apache.org/log4j/">
  <appender name="fileAppender" class="org.apache.log4j.FileAppender">
  	<param name="File" value="Data/Logs/all.log" />
    <param name="Append" value="true" />
    <layout class="org.apache.log4j.PatternLayout">
      <param name="ConversionPattern" value="%d %t %-5p %c - %m%n"/>
    </layout>
  </appender>

  <appender name="consoleAppender" class="org.apache.log4j.ConsoleAppender">
    <layout class="org.apache.log4j.PatternLayout">
      <param name="ConversionPattern" value="%d %t %-5p %c - %m%n"/>
    </layout>
  </appender>

  <root>
    <priority value ="debug" />
    <appender-ref ref="fileAppender" />
    <appender-ref ref="consoleAppender" />
  </root>

</log4j:configuration>
